delete from sqltoy.sqltoy_staff_info;
delete from sqltoy.sqltoy_organ_info;
delete from sqltoy.sqltoy_dict_detail;
delete from sqltoy.sqltoy_dict_type;
INSERT INTO sqltoy.sqltoy_dict_type
(`DICT_TYPE`, `DICT_TYPE_NAME`, `COMMENTS`, `SHOW_INDEX`, `CREATE_BY`, `CREATE_TIME`, `UPDATE_BY`, `UPDATE_TIME`, `STATUS`)
VALUES('DEVICE_TYPE', '设备类型', '设备类型', 1, 'S0001', '2019-08-01 16:47:01.000', 'S0001', '2019-08-01 16:47:01.000', 1);
INSERT INTO sqltoy.sqltoy_dict_type
(`DICT_TYPE`, `DICT_TYPE_NAME`, `COMMENTS`, `SHOW_INDEX`, `CREATE_BY`, `CREATE_TIME`, `UPDATE_BY`, `UPDATE_TIME`, `STATUS`)
VALUES('ORDER_STATUS', '订单状态', '订单状态', 3, 'S0001', '2019-08-01 16:47:01.000', 'S0001', '2019-08-01 16:47:01.000', 1);
INSERT INTO sqltoy.sqltoy_dict_type
(`DICT_TYPE`, `DICT_TYPE_NAME`, `COMMENTS`, `SHOW_INDEX`, `CREATE_BY`, `CREATE_TIME`, `UPDATE_BY`, `UPDATE_TIME`, `STATUS`)
VALUES('POST_LEVEL', '岗位级别', '岗位级别', 5, 'S0001', '2019-08-01 16:47:01.000', 'S0001', '2019-08-01 16:47:01.000', 1);
INSERT INTO sqltoy.sqltoy_dict_type
(`DICT_TYPE`, `DICT_TYPE_NAME`, `COMMENTS`, `SHOW_INDEX`, `CREATE_BY`, `CREATE_TIME`, `UPDATE_BY`, `UPDATE_TIME`, `STATUS`)
VALUES('POST_TYPE', '岗位类别', '岗位类别', 4, 'S0001', '2019-08-01 16:47:01.000', 'S0001', '2019-08-01 16:47:01.000', 1);
INSERT INTO sqltoy.sqltoy_dict_type
(`DICT_TYPE`, `DICT_TYPE_NAME`, `COMMENTS`, `SHOW_INDEX`, `CREATE_BY`, `CREATE_TIME`, `UPDATE_BY`, `UPDATE_TIME`, `STATUS`)
VALUES('PURCHASE_SALE_TYPE', '采购销售分类', '采购销售分类', 2, 'S0001', '2019-08-01 16:47:01.000', 'S0001', '2019-08-01 16:47:01.000', 1);
INSERT INTO sqltoy.sqltoy_dict_type
(`DICT_TYPE`, `DICT_TYPE_NAME`, `COMMENTS`, `SHOW_INDEX`, `CREATE_BY`, `CREATE_TIME`, `UPDATE_BY`, `UPDATE_TIME`, `STATUS`)
VALUES('SEX_TYPE', '性别', '性别', 6, 'S0001', '2019-08-01 16:47:01.000', 'S0001', '2019-08-01 16:47:01.000', 1);
INSERT INTO sqltoy.sqltoy_dict_type
(`DICT_TYPE`, `DICT_TYPE_NAME`, `COMMENTS`, `SHOW_INDEX`, `CREATE_BY`, `CREATE_TIME`, `UPDATE_BY`, `UPDATE_TIME`, `STATUS`)
VALUES('TRANS_CHANNEL', '交易渠道', '交易渠道', 7, 'S0001', '2019-08-01 16:47:01.000', 'S0001', '2019-08-01 16:47:01.000', 1);
INSERT INTO sqltoy.sqltoy_dict_type
(`DICT_TYPE`, `DICT_TYPE_NAME`, `COMMENTS`, `SHOW_INDEX`, `CREATE_BY`, `CREATE_TIME`, `UPDATE_BY`, `UPDATE_TIME`, `STATUS`)
VALUES('TRANS_CODE', '交易代码表', '交易代码表', 8, 'S0001', '2019-08-01 16:47:01.000', 'S0001', '2019-08-01 16:47:01.000', 1);


INSERT INTO sqltoy.sqltoy_dict_detail
(`DICT_KEY`, `DICT_TYPE`, `DICT_NAME`, `SHOW_INDEX`, `UPDATE_BY`, `UPDATE_TIME`, `STATUS`)
VALUES('OFFICE', 'DEVICE_TYPE', '办公用品', 3, 'S0001', '2019-08-01 16:47:01.000', 1);
INSERT INTO sqltoy.sqltoy_dict_detail
(`DICT_KEY`, `DICT_TYPE`, `DICT_NAME`, `SHOW_INDEX`, `UPDATE_BY`, `UPDATE_TIME`, `STATUS`)
VALUES('NET', 'DEVICE_TYPE', '网络设备', 2, 'S0001', '2019-08-01 16:47:01.000', 1);
INSERT INTO sqltoy.sqltoy_dict_detail
(`DICT_KEY`, `DICT_TYPE`, `DICT_NAME`, `SHOW_INDEX`, `UPDATE_BY`, `UPDATE_TIME`, `STATUS`)
VALUES('OT', 'DEVICE_TYPE', '其他', 5, 'S0001', '2019-08-01 16:47:01.000', 1);
INSERT INTO sqltoy.sqltoy_dict_detail
(`DICT_KEY`, `DICT_TYPE`, `DICT_NAME`, `SHOW_INDEX`, `UPDATE_BY`, `UPDATE_TIME`, `STATUS`)
VALUES('SOFTWARE', 'DEVICE_TYPE', '软件', 4, 'S0001', '2019-08-01 16:47:01.000', 1);
INSERT INTO sqltoy.sqltoy_dict_detail
(`DICT_KEY`, `DICT_TYPE`, `DICT_NAME`, `SHOW_INDEX`, `UPDATE_BY`, `UPDATE_TIME`, `STATUS`)
VALUES('PC', 'DEVICE_TYPE', '个人电脑', 1, 'S0001', '2019-08-01 16:47:01.000', 1);
INSERT INTO sqltoy.sqltoy_dict_detail
(`DICT_KEY`, `DICT_TYPE`, `DICT_NAME`, `SHOW_INDEX`, `UPDATE_BY`, `UPDATE_TIME`, `STATUS`)
VALUES('1', 'ORDER_STATUS', '编辑', 2, 'S0001', '2019-08-01 16:47:01.000', 1);
INSERT INTO sqltoy.sqltoy_dict_detail
(`DICT_KEY`, `DICT_TYPE`, `DICT_NAME`, `SHOW_INDEX`, `UPDATE_BY`, `UPDATE_TIME`, `STATUS`)
VALUES('0', 'ORDER_STATUS', '作废', 1, 'S0001', '2019-08-01 16:47:01.000', 1);
INSERT INTO sqltoy.sqltoy_dict_detail
(`DICT_KEY`, `DICT_TYPE`, `DICT_NAME`, `SHOW_INDEX`, `UPDATE_BY`, `UPDATE_TIME`, `STATUS`)
VALUES('3', 'ORDER_STATUS', '已生效', 4, 'S0001', '2019-08-01 16:47:01.000', 1);
INSERT INTO sqltoy.sqltoy_dict_detail
(`DICT_KEY`, `DICT_TYPE`, `DICT_NAME`, `SHOW_INDEX`, `UPDATE_BY`, `UPDATE_TIME`, `STATUS`)
VALUES('2', 'ORDER_STATUS', '待审核', 3, 'S0001', '2019-08-01 16:47:01.000', 1);
INSERT INTO sqltoy.sqltoy_dict_detail
(`DICT_KEY`, `DICT_TYPE`, `DICT_NAME`, `SHOW_INDEX`, `UPDATE_BY`, `UPDATE_TIME`, `STATUS`)
VALUES('L1', 'POST_LEVEL', 'L1', 1, 'S0001', '2019-08-01 16:47:01.000', 1);
INSERT INTO sqltoy.sqltoy_dict_detail
(`DICT_KEY`, `DICT_TYPE`, `DICT_NAME`, `SHOW_INDEX`, `UPDATE_BY`, `UPDATE_TIME`, `STATUS`)
VALUES('L10', 'POST_LEVEL', 'L10', 10, 'S0001', '2019-08-01 16:47:01.000', 1);
INSERT INTO sqltoy.sqltoy_dict_detail
(`DICT_KEY`, `DICT_TYPE`, `DICT_NAME`, `SHOW_INDEX`, `UPDATE_BY`, `UPDATE_TIME`, `STATUS`)
VALUES('L2', 'POST_LEVEL', 'L2', 2, 'S0001', '2019-08-01 16:47:01.000', 1);
INSERT INTO sqltoy.sqltoy_dict_detail
(`DICT_KEY`, `DICT_TYPE`, `DICT_NAME`, `SHOW_INDEX`, `UPDATE_BY`, `UPDATE_TIME`, `STATUS`)
VALUES('L3', 'POST_LEVEL', 'L3', 3, 'S0001', '2019-08-01 16:47:01.000', 1);
INSERT INTO sqltoy.sqltoy_dict_detail
(`DICT_KEY`, `DICT_TYPE`, `DICT_NAME`, `SHOW_INDEX`, `UPDATE_BY`, `UPDATE_TIME`, `STATUS`)
VALUES('L4', 'POST_LEVEL', 'L4', 4, 'S0001', '2019-08-01 16:47:01.000', 1);
INSERT INTO sqltoy.sqltoy_dict_detail
(`DICT_KEY`, `DICT_TYPE`, `DICT_NAME`, `SHOW_INDEX`, `UPDATE_BY`, `UPDATE_TIME`, `STATUS`)
VALUES('L5', 'POST_LEVEL', 'L5', 5, 'S0001', '2019-08-01 16:47:01.000', 1);
INSERT INTO sqltoy.sqltoy_dict_detail
(`DICT_KEY`, `DICT_TYPE`, `DICT_NAME`, `SHOW_INDEX`, `UPDATE_BY`, `UPDATE_TIME`, `STATUS`)
VALUES('L6', 'POST_LEVEL', 'L6', 6, 'S0001', '2019-08-01 16:47:01.000', 1);
INSERT INTO sqltoy.sqltoy_dict_detail
(`DICT_KEY`, `DICT_TYPE`, `DICT_NAME`, `SHOW_INDEX`, `UPDATE_BY`, `UPDATE_TIME`, `STATUS`)
VALUES('L7', 'POST_LEVEL', 'L7', 7, 'S0001', '2019-08-01 16:47:01.000', 1);
INSERT INTO sqltoy.sqltoy_dict_detail
(`DICT_KEY`, `DICT_TYPE`, `DICT_NAME`, `SHOW_INDEX`, `UPDATE_BY`, `UPDATE_TIME`, `STATUS`)
VALUES('L8', 'POST_LEVEL', 'L8', 8, 'S0001', '2019-08-01 16:47:01.000', 1);
INSERT INTO sqltoy.sqltoy_dict_detail
(`DICT_KEY`, `DICT_TYPE`, `DICT_NAME`, `SHOW_INDEX`, `UPDATE_BY`, `UPDATE_TIME`, `STATUS`)
VALUES('L9', 'POST_LEVEL', 'L9', 9, 'S0001', '2019-08-01 16:47:01.000', 1);
INSERT INTO sqltoy.sqltoy_dict_detail
(`DICT_KEY`, `DICT_TYPE`, `DICT_NAME`, `SHOW_INDEX`, `UPDATE_BY`, `UPDATE_TIME`, `STATUS`)
VALUES('T', 'POST_TYPE', '技术岗', 2, 'S0001', '2019-08-01 16:47:01.000', 1);
INSERT INTO sqltoy.sqltoy_dict_detail
(`DICT_KEY`, `DICT_TYPE`, `DICT_NAME`, `SHOW_INDEX`, `UPDATE_BY`, `UPDATE_TIME`, `STATUS`)
VALUES('M', 'POST_TYPE', '管理岗', 1, 'S0001', '2019-08-01 16:47:01.000', 1);
INSERT INTO sqltoy.sqltoy_dict_detail
(`DICT_KEY`, `DICT_TYPE`, `DICT_NAME`, `SHOW_INDEX`, `UPDATE_BY`, `UPDATE_TIME`, `STATUS`)
VALUES('O', 'POST_TYPE', '其他', 4, 'S0001', '2019-08-01 16:47:01.000', 1);
INSERT INTO sqltoy.sqltoy_dict_detail
(`DICT_KEY`, `DICT_TYPE`, `DICT_NAME`, `SHOW_INDEX`, `UPDATE_BY`, `UPDATE_TIME`, `STATUS`)
VALUES('F', 'POST_TYPE', '职能岗', 3, 'S0001', '2019-08-01 16:47:01.000', 1);
INSERT INTO sqltoy.sqltoy_dict_detail
(`DICT_KEY`, `DICT_TYPE`, `DICT_NAME`, `SHOW_INDEX`, `UPDATE_BY`, `UPDATE_TIME`, `STATUS`)
VALUES('PO', 'PURCHASE_SALE_TYPE', '采购', 1, 'S0001', '2019-08-01 16:47:01.000', 1);
INSERT INTO sqltoy.sqltoy_dict_detail
(`DICT_KEY`, `DICT_TYPE`, `DICT_NAME`, `SHOW_INDEX`, `UPDATE_BY`, `UPDATE_TIME`, `STATUS`)
VALUES('SO', 'PURCHASE_SALE_TYPE', '销售', 2, 'S0001', '2019-08-01 16:47:01.000', 1);
INSERT INTO sqltoy.sqltoy_dict_detail
(`DICT_KEY`, `DICT_TYPE`, `DICT_NAME`, `SHOW_INDEX`, `UPDATE_BY`, `UPDATE_TIME`, `STATUS`)
VALUES('M', 'SEX_TYPE', '男', 2, 'S0001', '2019-08-01 16:47:01.000', 1);
INSERT INTO sqltoy.sqltoy_dict_detail
(`DICT_KEY`, `DICT_TYPE`, `DICT_NAME`, `SHOW_INDEX`, `UPDATE_BY`, `UPDATE_TIME`, `STATUS`)
VALUES('F', 'SEX_TYPE', '女', 1, 'S0001', '2019-08-01 16:47:01.000', 1);
INSERT INTO sqltoy.sqltoy_dict_detail
(`DICT_KEY`, `DICT_TYPE`, `DICT_NAME`, `SHOW_INDEX`, `UPDATE_BY`, `UPDATE_TIME`, `STATUS`)
VALUES('JD', 'TRANS_CHANNEL', '京东', 1, 'S0001', '2019-08-01 16:47:01.000', 1);
INSERT INTO sqltoy.sqltoy_dict_detail
(`DICT_KEY`, `DICT_TYPE`, `DICT_NAME`, `SHOW_INDEX`, `UPDATE_BY`, `UPDATE_TIME`, `STATUS`)
VALUES('SHOP', 'TRANS_CHANNEL', '线下门店', 3, 'S0001', '2019-08-01 16:47:01.000', 1);
INSERT INTO sqltoy.sqltoy_dict_detail
(`DICT_KEY`, `DICT_TYPE`, `DICT_NAME`, `SHOW_INDEX`, `UPDATE_BY`, `UPDATE_TIME`, `STATUS`)
VALUES('TIANMAO', 'TRANS_CHANNEL', '天猫', 2, 'S0001', '2019-08-01 16:47:01.000', 1);
INSERT INTO sqltoy.sqltoy_dict_detail
(`DICT_KEY`, `DICT_TYPE`, `DICT_NAME`, `SHOW_INDEX`, `UPDATE_BY`, `UPDATE_TIME`, `STATUS`)
VALUES('T001', 'TRANS_CODE', '下单', 1, 'S0001', '2019-08-01 16:47:01.000', 1);
INSERT INTO sqltoy.sqltoy_dict_detail
(`DICT_KEY`, `DICT_TYPE`, `DICT_NAME`, `SHOW_INDEX`, `UPDATE_BY`, `UPDATE_TIME`, `STATUS`)
VALUES('T002', 'TRANS_CODE', '撤销', 2, 'S0001', '2019-08-01 16:47:01.000', 1);
INSERT INTO sqltoy.sqltoy_dict_detail
(`DICT_KEY`, `DICT_TYPE`, `DICT_NAME`, `SHOW_INDEX`, `UPDATE_BY`, `UPDATE_TIME`, `STATUS`)
VALUES('T003', 'TRANS_CODE', '付款', 3, 'S0001', '2019-08-01 16:47:01.000', 1);
INSERT INTO sqltoy.sqltoy_dict_detail
(`DICT_KEY`, `DICT_TYPE`, `DICT_NAME`, `SHOW_INDEX`, `UPDATE_BY`, `UPDATE_TIME`, `STATUS`)
VALUES('T004', 'TRANS_CODE', '订单查询', 4, 'S0001', '2019-08-01 16:47:01.000', 1);


INSERT INTO sqltoy.sqltoy_organ_info
(`ORGAN_ID`, `ORGAN_NAME`, `ORGAN_CODE`, `COST_NO`, `ORGAN_PID`, `NODE_ROUTE`, `NODE_LEVEL`, `IS_LEAF`, `SHOW_INDEX`, `CREATE_BY`, `CREATE_TIME`, `UPDATE_BY`, `UPDATE_TIME`, `STATUS`)
VALUES('100001', 'X科技创新集团有限公司', '100001', NULL, '-1', '-1,100001,', 1, 0, 1, 'S0001', '2019-08-01 16:47:01.000', 'S0001', '2019-08-01 16:47:01.000', 1);
INSERT INTO sqltoy.sqltoy_organ_info
(`ORGAN_ID`, `ORGAN_NAME`, `ORGAN_CODE`, `COST_NO`, `ORGAN_PID`, `NODE_ROUTE`, `NODE_LEVEL`, `IS_LEAF`, `SHOW_INDEX`, `CREATE_BY`, `CREATE_TIME`, `UPDATE_BY`, `UPDATE_TIME`, `STATUS`)
VALUES('100002', '总经理办公室', '100002', NULL, '100001', '-1,100001,100002,', 2, 1, 2, 'S0001', '2019-08-01 16:47:01.000', 'S0001', '2019-08-01 16:47:01.000', 1);
INSERT INTO sqltoy.sqltoy_organ_info
(`ORGAN_ID`, `ORGAN_NAME`, `ORGAN_CODE`, `COST_NO`, `ORGAN_PID`, `NODE_ROUTE`, `NODE_LEVEL`, `IS_LEAF`, `SHOW_INDEX`, `CREATE_BY`, `CREATE_TIME`, `UPDATE_BY`, `UPDATE_TIME`, `STATUS`)
VALUES('100003', '人力资源部', '100003', NULL, '100001', '-1,100001,100003,', 2, 1, 3, 'S0001', '2019-08-01 16:47:01.000', 'S0001', '2019-08-01 16:47:01.000', 1);
INSERT INTO sqltoy.sqltoy_organ_info
(`ORGAN_ID`, `ORGAN_NAME`, `ORGAN_CODE`, `COST_NO`, `ORGAN_PID`, `NODE_ROUTE`, `NODE_LEVEL`, `IS_LEAF`, `SHOW_INDEX`, `CREATE_BY`, `CREATE_TIME`, `UPDATE_BY`, `UPDATE_TIME`, `STATUS`)
VALUES('100004', '财务部', '100004', NULL, '100001', '-1,100001,100004,', 2, 1, 4, 'S0001', '2019-08-01 16:47:01.000', 'S0001', '2019-08-01 16:47:01.000', 1);
INSERT INTO sqltoy.sqltoy_organ_info
(`ORGAN_ID`, `ORGAN_NAME`, `ORGAN_CODE`, `COST_NO`, `ORGAN_PID`, `NODE_ROUTE`, `NODE_LEVEL`, `IS_LEAF`, `SHOW_INDEX`, `CREATE_BY`, `CREATE_TIME`, `UPDATE_BY`, `UPDATE_TIME`, `STATUS`)
VALUES('100005', '生物医药研发中心', '100005', NULL, '100001', '-1,100001,100005,', 2, 1, 5, 'S0001', '2019-08-01 16:47:01.000', 'S0001', '2019-08-01 16:47:01.000', 1);
INSERT INTO sqltoy.sqltoy_organ_info
(`ORGAN_ID`, `ORGAN_NAME`, `ORGAN_CODE`, `COST_NO`, `ORGAN_PID`, `NODE_ROUTE`, `NODE_LEVEL`, `IS_LEAF`, `SHOW_INDEX`, `CREATE_BY`, `CREATE_TIME`, `UPDATE_BY`, `UPDATE_TIME`, `STATUS`)
VALUES('100006', '智能设备研发中心', '100006', NULL, '100001', '-1,100001,100006,', 2, 1, 6, 'S0001', '2019-08-01 16:47:01.000', 'S0001', '2019-08-01 16:47:01.000', 1);
INSERT INTO sqltoy.sqltoy_organ_info
(`ORGAN_ID`, `ORGAN_NAME`, `ORGAN_CODE`, `COST_NO`, `ORGAN_PID`, `NODE_ROUTE`, `NODE_LEVEL`, `IS_LEAF`, `SHOW_INDEX`, `CREATE_BY`, `CREATE_TIME`, `UPDATE_BY`, `UPDATE_TIME`, `STATUS`)
VALUES('100007', '信息化研发中心', '100007', NULL, '100001', '-1,100001,100007,', 2, 1, 7, 'S0001', '2019-08-01 16:47:01.000', 'S0001', '2019-08-01 16:47:01.000', 1);
INSERT INTO sqltoy.sqltoy_organ_info
(`ORGAN_ID`, `ORGAN_NAME`, `ORGAN_CODE`, `COST_NO`, `ORGAN_PID`, `NODE_ROUTE`, `NODE_LEVEL`, `IS_LEAF`, `SHOW_INDEX`, `CREATE_BY`, `CREATE_TIME`, `UPDATE_BY`, `UPDATE_TIME`, `STATUS`)
VALUES('100008', '新动力研发中心', '100008', NULL, '100001', '-1,100001,100008,', 2, 0, 8, 'S0001', '2019-08-01 16:47:01.000', 'S0001', '2019-08-01 16:47:01.000', 1);
INSERT INTO sqltoy.sqltoy_organ_info
(`ORGAN_ID`, `ORGAN_NAME`, `ORGAN_CODE`, `COST_NO`, `ORGAN_PID`, `NODE_ROUTE`, `NODE_LEVEL`, `IS_LEAF`, `SHOW_INDEX`, `CREATE_BY`, `CREATE_TIME`, `UPDATE_BY`, `UPDATE_TIME`, `STATUS`)
VALUES('100009', '新能源研究院', '100009', NULL, '100008', '-1,100001,100008,100009,', 3, 1, 9, 'S0001', '2019-08-01 16:47:01.000', 'S0001', '2019-08-01 16:47:01.000', 1);
INSERT INTO sqltoy.sqltoy_organ_info
(`ORGAN_ID`, `ORGAN_NAME`, `ORGAN_CODE`, `COST_NO`, `ORGAN_PID`, `NODE_ROUTE`, `NODE_LEVEL`, `IS_LEAF`, `SHOW_INDEX`, `CREATE_BY`, `CREATE_TIME`, `UPDATE_BY`, `UPDATE_TIME`, `STATUS`)
VALUES('100010', '发动机研究院', '100010', NULL, '100008', '-1,100001,100008,100010,', 3, 1, 10, 'S0001', '2019-08-01 16:47:01.000', 'S0001', '2019-08-01 16:47:01.000', 1);
INSERT INTO sqltoy.sqltoy_organ_info
(`ORGAN_ID`, `ORGAN_NAME`, `ORGAN_CODE`, `COST_NO`, `ORGAN_PID`, `NODE_ROUTE`, `NODE_LEVEL`, `IS_LEAF`, `SHOW_INDEX`, `CREATE_BY`, `CREATE_TIME`, `UPDATE_BY`, `UPDATE_TIME`, `STATUS`)
VALUES('100011', '后勤保障部', '100011', NULL, '100001', '-1,100001,100011,', 2, 1, 11, 'S0001', '2019-08-01 16:47:01.000', 'S0001', '2019-08-01 16:47:01.000', 1);


INSERT INTO sqltoy.sqltoy_staff_info
(`STAFF_ID`, `STAFF_CODE`, `STAFF_NAME`, `ORGAN_ID`, `SEX_TYPE`, `BIRTHDAY`, `ENTRY_DATE`, `TERM_DATE`, `PHOTO`, `COUNTRY`, `CENSUS_REGISTER`, `ADDRESS`, `EMAIL`, `TEL_NO`, `POST`, `POST_GRADE`, `CREATE_BY`, `CREATE_TIME`, `UPDATE_BY`, `UPDATE_TIME`, `STATUS`)
VALUES('S0001', 'S0001', '张三', '100002', 'M', NULL, '2019-08-01', NULL, NULL, '86', NULL, '上海市黄浦区三大路254号402室', NULL, '13887981123', 'M', 'L10', 'S0001', '2019-07-31 11:04:11.000', 'S0001', '2019-07-31 11:04:11.000', 1);
INSERT INTO sqltoy.sqltoy_staff_info
(`STAFF_ID`, `STAFF_CODE`, `STAFF_NAME`, `ORGAN_ID`, `SEX_TYPE`, `BIRTHDAY`, `ENTRY_DATE`, `TERM_DATE`, `PHOTO`, `COUNTRY`, `CENSUS_REGISTER`, `ADDRESS`, `EMAIL`, `TEL_NO`, `POST`, `POST_GRADE`, `CREATE_BY`, `CREATE_TIME`, `UPDATE_BY`, `UPDATE_TIME`, `STATUS`)
VALUES('S0002', 'S0002', '李四', '100003', 'M', NULL, '2019-08-01', NULL, NULL, '86', NULL, '上海市黄浦区三大路254号402室', NULL, '13987988765', 'M', 'L5', 'S0001', '2019-07-31 11:19:31.000', 'S0001', '2019-07-31 11:19:31.000', 1);
INSERT INTO sqltoy.sqltoy_staff_info
(`STAFF_ID`, `STAFF_CODE`, `STAFF_NAME`, `ORGAN_ID`, `SEX_TYPE`, `BIRTHDAY`, `ENTRY_DATE`, `TERM_DATE`, `PHOTO`, `COUNTRY`, `CENSUS_REGISTER`, `ADDRESS`, `EMAIL`, `TEL_NO`, `POST`, `POST_GRADE`, `CREATE_BY`, `CREATE_TIME`, `UPDATE_BY`, `UPDATE_TIME`, `STATUS`)
VALUES('S0003', 'S0003', '陈美凤', '100004', 'F', NULL, '2019-08-01', NULL, NULL, '86', NULL, '上海市黄浦区三大路254号402室', NULL, '13947981725', 'M', 'L5', 'S0001', '2019-07-31 11:19:31.000', 'S0001', '2019-07-31 11:19:31.000', 1);
INSERT INTO sqltoy.sqltoy_staff_info
(`STAFF_ID`, `STAFF_CODE`, `STAFF_NAME`, `ORGAN_ID`, `SEX_TYPE`, `BIRTHDAY`, `ENTRY_DATE`, `TERM_DATE`, `PHOTO`, `COUNTRY`, `CENSUS_REGISTER`, `ADDRESS`, `EMAIL`, `TEL_NO`, `POST`, `POST_GRADE`, `CREATE_BY`, `CREATE_TIME`, `UPDATE_BY`, `UPDATE_TIME`, `STATUS`)
VALUES('S0004', 'S0004', '张秀娟', '100005', 'F', NULL, '2019-08-01', NULL, NULL, '86', NULL, '上海市黄浦区三大路254号402室', NULL, '13927958763', 'M', 'L5', 'S0001', '2019-07-31 11:19:31.000', 'S0001', '2019-07-31 11:19:31.000', 1);
INSERT INTO sqltoy.sqltoy_staff_info
(`STAFF_ID`, `STAFF_CODE`, `STAFF_NAME`, `ORGAN_ID`, `SEX_TYPE`, `BIRTHDAY`, `ENTRY_DATE`, `TERM_DATE`, `PHOTO`, `COUNTRY`, `CENSUS_REGISTER`, `ADDRESS`, `EMAIL`, `TEL_NO`, `POST`, `POST_GRADE`, `CREATE_BY`, `CREATE_TIME`, `UPDATE_BY`, `UPDATE_TIME`, `STATUS`)
VALUES('S0005', 'S0005', '王伟', '100006', 'M', NULL, '2019-08-01', NULL, NULL, '86', NULL, '上海市黄浦区三大路254号402室', NULL, '13987972765', 'M', 'L5', 'S0001', '2019-07-31 11:19:31.000', 'S0001', '2019-07-31 11:19:31.000', 1);
INSERT INTO sqltoy.sqltoy_staff_info
(`STAFF_ID`, `STAFF_CODE`, `STAFF_NAME`, `ORGAN_ID`, `SEX_TYPE`, `BIRTHDAY`, `ENTRY_DATE`, `TERM_DATE`, `PHOTO`, `COUNTRY`, `CENSUS_REGISTER`, `ADDRESS`, `EMAIL`, `TEL_NO`, `POST`, `POST_GRADE`, `CREATE_BY`, `CREATE_TIME`, `UPDATE_BY`, `UPDATE_TIME`, `STATUS`)
VALUES('S0006', 'S0006', '陈一鸣', '100007', 'M', NULL, '2019-08-01', NULL, NULL, '86', NULL, '上海市黄浦区三大路254号402室', NULL, '13987988185', 'M', 'L5', 'S0001', '2019-07-31 11:19:31.000', 'S0001', '2019-07-31 11:19:31.000', 1);
INSERT INTO sqltoy.sqltoy_staff_info
(`STAFF_ID`, `STAFF_CODE`, `STAFF_NAME`, `ORGAN_ID`, `SEX_TYPE`, `BIRTHDAY`, `ENTRY_DATE`, `TERM_DATE`, `PHOTO`, `COUNTRY`, `CENSUS_REGISTER`, `ADDRESS`, `EMAIL`, `TEL_NO`, `POST`, `POST_GRADE`, `CREATE_BY`, `CREATE_TIME`, `UPDATE_BY`, `UPDATE_TIME`, `STATUS`)
VALUES('S0007', 'S0007', '彭越', '100008', 'M', NULL, '2019-08-01', NULL, NULL, '86', NULL, '上海市黄浦区三大路254号402室', NULL, '13987988365', 'M', 'L5', 'S0001', '2019-07-31 11:19:31.000', 'S0001', '2019-07-31 11:19:31.000', 1);
INSERT INTO sqltoy.sqltoy_staff_info
(`STAFF_ID`, `STAFF_CODE`, `STAFF_NAME`, `ORGAN_ID`, `SEX_TYPE`, `BIRTHDAY`, `ENTRY_DATE`, `TERM_DATE`, `PHOTO`, `COUNTRY`, `CENSUS_REGISTER`, `ADDRESS`, `EMAIL`, `TEL_NO`, `POST`, `POST_GRADE`, `CREATE_BY`, `CREATE_TIME`, `UPDATE_BY`, `UPDATE_TIME`, `STATUS`)
VALUES('S0008', 'S0008', '郑成功', '100009', 'M', NULL, '2019-08-01', NULL, NULL, '86', NULL, '上海市黄浦区三大路254号402室', NULL, '13987988715', 'M', 'L5', 'S0001', '2019-07-31 11:19:31.000', 'S0001', '2019-07-31 11:19:31.000', 1);
INSERT INTO sqltoy.sqltoy_staff_info
(`STAFF_ID`, `STAFF_CODE`, `STAFF_NAME`, `ORGAN_ID`, `SEX_TYPE`, `BIRTHDAY`, `ENTRY_DATE`, `TERM_DATE`, `PHOTO`, `COUNTRY`, `CENSUS_REGISTER`, `ADDRESS`, `EMAIL`, `TEL_NO`, `POST`, `POST_GRADE`, `CREATE_BY`, `CREATE_TIME`, `UPDATE_BY`, `UPDATE_TIME`, `STATUS`)
VALUES('S0009', 'S0009', '张大海', '100010', 'M', NULL, '2019-08-01', NULL, NULL, '86', NULL, '上海市黄浦区三大路254号402室', NULL, '13987988725', 'M', 'L5', 'S0001', '2019-07-31 11:19:31.000', 'S0001', '2019-07-31 11:19:31.000', 1);
INSERT INTO sqltoy.sqltoy_staff_info
(`STAFF_ID`, `STAFF_CODE`, `STAFF_NAME`, `ORGAN_ID`, `SEX_TYPE`, `BIRTHDAY`, `ENTRY_DATE`, `TERM_DATE`, `PHOTO`, `COUNTRY`, `CENSUS_REGISTER`, `ADDRESS`, `EMAIL`, `TEL_NO`, `POST`, `POST_GRADE`, `CREATE_BY`, `CREATE_TIME`, `UPDATE_BY`, `UPDATE_TIME`, `STATUS`)
VALUES('S0010', 'S0010', '汪涛', '100011', 'M', NULL, '2019-08-01', NULL, NULL, '86', NULL, '上海市黄浦区三大路254号402室', NULL, '13987988766', 'M', 'L5', 'S0001', '2019-07-31 11:19:31.000', 'S0001', '2019-07-31 11:19:31.000', 1);
INSERT INTO sqltoy.sqltoy_staff_info
(`STAFF_ID`, `STAFF_CODE`, `STAFF_NAME`, `ORGAN_ID`, `SEX_TYPE`, `BIRTHDAY`, `ENTRY_DATE`, `TERM_DATE`, `PHOTO`, `COUNTRY`, `CENSUS_REGISTER`, `ADDRESS`, `EMAIL`, `TEL_NO`, `POST`, `POST_GRADE`, `CREATE_BY`, `CREATE_TIME`, `UPDATE_BY`, `UPDATE_TIME`, `STATUS`)
VALUES('S0012', 'S0012', '陈大鹏', '100007', 'M', NULL, '2019-08-01', NULL, NULL, '86', NULL, '上海市黄浦区三大路254号402室', NULL, '13987488762', 'M', 'L5', 'S0001', '2019-07-31 11:19:31.000', 'S0001', '2019-07-31 11:19:31.000', 0);
